{
  "Logistic Regression": {
    "accuracy": 0.8394231955039552,
    "precision": 0.848050728041334,
    "recall": 0.82702912210849,
    "f1_score": 0.8374080185523792,
    "roc_auc": 0.9261174221392229,
    "cv_mean": 0.8377062439784446,
    "cv_std": 0.0015629102500892913,
    "training_time": 4.178648
  },
  "Decision Tree": {
    "accuracy": 0.821003858282976,
    "precision": 0.829050259151572,
    "recall": 0.8087771533271084,
    "f1_score": 0.8187882355039506,
    "roc_auc": 0.9080227824131345,
    "cv_mean": 0.8196985571092819,
    "cv_std": 0.0023878118644096802,
    "training_time": 1.971316
  },
  "Random Forest": {
    "accuracy": 0.8339969345148958,
    "precision": 0.8016484215885947,
    "recall": 0.8876164972428252,
    "f1_score": 0.8424449665158976,
    "roc_auc": 0.9175226133624113,
    "cv_mean": 0.8330771414466109,
    "cv_std": 0.0015574159250775958,
    "training_time": 7.264246
  }
}